Produto,Marca,Preço,Preço Original
Jaqueta Corbridge,Barbour,R$ 2.682,R$ 4.789
Jaqueta com motivo Polo Pony,Polo Ralph Lauren,R$ 1.370,R$ 1.730
Jaqueta matelassê com capuz,Columbia,R$ 1.160,R$ 1.678
Jaqueta de couro,Roberto Cavalli,R$ 2.245,R$ 5.660
Jaqueta jeans com capuz,1989 STUDIO,R$ 5.255,R$ 11.700
Jaqueta Bedale,Barbour,R$ 4.424,R$ 6.551
Jaqueta com estampa de logo,Columbia,R$ 1.798,R$ 2.481
Jaqueta Tommy Hilfiger,Tommy Hilfiger,R$ 2.230,R$ 3.285
Jaqueta bomber com bordado,A BATHING APE®,R$ 10.094,R$ 17.019
Jaqueta Powder Pass Hybrid,Columbia,R$ 1.134,R$ 1.577
Jaqueta de couro,SANDRO,R$ 6.071,R$ 12.131
Jaqueta Sten-at,Moorer,R$ 8.196,R$ 9.476
Jaqueta Reedition de vinil,Courrèges,R$ 8.530,R$ 11.816
Jaqueta esportiva Laurel,Casablanca,R$ 5.356,R$ 9.656
Jaqueta com abotoamento e punhos canelados,LOEWE,R$ 16.950,R$ 23.821
Jaqueta bomber Medusa Head,Versace,R$ 10.849,R$ 20.285
1996 Retro Nuptse jacket,The North Face,R$ 2.572,R$ 4.593
Jaqueta Petronel,Parajumpers,R$ 3.989,R$ 5.539
Jaqueta de linho,Boggi Milano,R$ 1.344,R$ 2.396
Jaqueta Saikuru matelassê,The North Face,R$ 2.459,R$ 3.112
Jaqueta TNF Cordura®,The North Face,R$ 1.176,R$ 1.837
Jaqueta bomber oversized,Random Identities,R$ 1.176,R$ 3.736
Jaqueta com logo jacquard,Versace Jeans Couture,R$ 5.306,R$ 9.426
Jaqueta Funhoggers com capuz,Patagonia,R$ 1.428,R$ 2.099
Jaqueta x Yinka Ilori dupla face,The North Face,R$ 2.381,R$ 3.217
Jaqueta esportiva LR-18,Giuseppe Zanotti,R$ 1.426,R$ 5.130
Jaqueta com efeito mescla,Boggi Milano,R$ 1.069,R$ 2.662
Jaqueta Easy Winter 2.0 com capuz,Blauer,R$ 2.197,R$ 3.616
Jaqueta com padronagem abstrata,The North Face,R$ 1.691,R$ 4.373
Jaqueta bomber NSE,The North Face,R$ 1.459,R$ 3.771
Jaqueta bomber Represent Owners' Club,Represent,R$ 3.383,R$ 5.950
Jaqueta jeans cropped,DSQUARED2,R$ 2.419,R$ 4.366
Jaqueta Elliot matelassê,Parajumpers,R$ 3.366,R$ 4.673
Jaqueta com patch de bússola,Stone Island,R$ 7.951,R$ 11.239
Jaqueta matelassê com zíper,Parajumpers,R$ 3.174,R$ 4.407
Jaqueta de linho e algodão,Boggi Milano,R$ 1.866,R$ 3.328
Jaqueta Sena matelassê,Parajumpers,R$ 3.845,R$ 5.339
Jaqueta jeans,The North Face,R$ 1.512,R$ 2.362
Jaqueta Workwear,LEMAIRE,R$ 6.185,R$ 7.679
Blazer de jersey,ETRO,R$ 9.920,R$ 17.714
Jaqueta Nomader,Patagonia,R$ 1.707,R$ 2.672
Jaqueta bomber de cetim com tag de logo,Dolce & Gabbana,R$ 7.800,R$ 13.000
Blazer com abertura frontal,Random Identities,R$ 1.670,R$ 5.307
Jaqueta bomber de couro com zíper,Burberry,R$ 10.878,R$ 27.500
Jaqueta assimétrica,Comme des Garçons Homme Plus,R$ 15.065,R$ 21.379
Jaqueta Silence Monogram de couro,Daily Paper,R$ 5.121,R$ 7.529
Jaqueta com capuz e zíper,Lacoste,R$ 1.905,R$ 2.646
Jaqueta com efeito amassado,Stone Island,R$ 4.053,R$ 5.786
Jaqueta de couro,Sunflower,R$ 6.935,R$ 9.838
Blazer com abotoamento duplo,Tagliatore,R$ 5.115,R$ 8.519
Jaqueta leve,Homme Plissé Issey Miyake,R$ 4.458,R$ 7.956
Parka leve,Stone Island,R$ 10.220,R$ 12.792
Jaqueta Chicago Chore,Carter Young,R$ 2.607,R$ 5.916
Jaqueta bomber com zíper,SANDRO,R$ 3.708,R$ 6.173
Jaqueta acolchoada com logo oculto,DSQUARED2,R$ 1.917,R$ 4.838
Jaqueta de couro com zíper,DSQUARED2,R$ 4.478,R$ 11.315
Jaqueta de camurça,Emporio Armani,R$ 13.814,R$ 24.911
Jaqueta Barden,Moorer,R$ 6.695,R$ 13.975
Jaqueta bomber com bolsos,DSQUARED2,R$ 3.280,R$ 8.285
Colete de couro,Alexander McQueen,R$ 16.323,R$ 24.171
Jaqueta cropped color block,Martine Rose,R$ 6.338,R$ 13.198
Jaqueta Tommy matelassê,Parajumpers,R$ 3.845,R$ 5.339
Blazer com detalhe de fivela,DSQUARED2,R$ 9.226,R$ 13.328
Jaqueta de algodão,Stone Island,R$ 9.982,R$ 11.744
Jaqueta de couro com acabamento canelado,Emporio Armani,R$ 8.751,R$ 12.497
Blazer de alfaiataria,Karl Lagerfeld,R$ 2.130,R$ 4.430
Jaqueta Retro Nuptse 96,The North Face,R$ 3.123,R$ 4.593
Jaqueta Chrome-R,C.P. Company,R$ 1.920,R$ 5.734
Jaqueta bomber com logo,AMI Paris,R$ 5.130,R$ 7.398
Jaqueta esportiva com logo,DSQUARED2,R$ 2.928,R$ 7.395
Jaqueta xadrez dupla face,Burberry,R$ 6.555,R$ 9.750
Jaqueta Membrana 3L TC,Stone Island,R$ 7.062,R$ 10.084
Jaqueta acolchoada com abotoamento,DSQUARED2,R$ 1.763,R$ 4.448
Jaqueta OG Detroit,Carhartt WIP,R$ 2.222,R$ 3.136
Jaqueta Merton Wax,Barbour,R$ 3.079,R$ 7.237
Jaqueta NSE com estampa,The North Face,R$ 2.402,R$ 4.284
Blazer Dine,Karl Lagerfeld,R$ 2.706,R$ 6.143
Jaqueta IP xadrez,Burberry,R$ 7.072,R$ 17.650
Moletom Sicon Ative com zíper,BOSS,R$ 1.127,R$ 1.610
Jaqueta Harrington,Lacoste,R$ 2.249,R$ 3.314
Jaqueta Dryvent Mono,The North Face,R$ 2.667,R$ 4.207
Jaqueta bomber acolchoada,ENTIRE STUDIOS,R$ 3.200,R$ 7.097
Jaqueta OG Detroit,Carhartt WIP,R$ 2.438,R$ 3.209
Jaqueta Taylon,C.P. Company,R$ 7.370,R$ 11.628
Jaqueta college com detalhe de patch,AMIRI,R$ 16.364,R$ 17.099
Blazer com abotoamento duplo,Tagliatore,R$ 4.299,R$ 7.585
Jaqueta de couro,Rick Owens,R$ 15.336,R$ 27.044
Jaqueta Tusco,Napapijri,R$ 4.357,R$ 8.988
Jaqueta Retro Neptuse 1996,The North Face,R$ 5.669,R$ 9.480
Jaqueta com patch de bússola,Stone Island,R$ 5.463,R$ 7.512
Blazer risca de giz com amarração,Mugler,R$ 12.802,R$ 24.612
Jaqueta Field,Bally,R$ 12.567,R$ 21.019
Jaqueta de couro com zíper,Sunflower,R$ 7.292,R$ 12.150
Blazer de linho,Boggi Milano,R$ 2.134,R$ 5.326
Jaqueta de couro com zíper,Giuseppe Zanotti,R$ 4.809,R$ 13.500
Jaqueta Square Cross,SANDRO,R$ 3.566,R$ 5.090
